City_ID,City,Country,Lat,Lng,Max Temp,Humidity,Cloudiness,Wind Speed,Current Description,Date
0,Darnah,LY,32.767,22.6367,62.56,75,92,8.86,overcast clouds,2022-04-30 19:28:51
1,Chifeng,CN,42.2683,118.9636,45.3,20,100,7.83,overcast clouds,2022-04-30 19:28:51
2,Okhotsk,RU,59.3833,143.3,31.98,92,44,6.24,scattered clouds,2022-04-30 19:28:52
3,Vila Franca Do Campo,PT,37.7167,-25.4333,64.81,74,14,4.7,few clouds,2022-04-30 19:28:52
4,Guanica,PR,17.9716,-66.908,81.61,93,100,9.69,overcast clouds,2022-04-30 19:28:53
5,Rikitea,PF,-23.1203,-134.9692,75.87,75,53,12.26,light rain,2022-04-30 19:28:53
6,Longyearbyen,SJ,78.2186,15.6401,12.04,57,0,4.61,clear sky,2022-04-30 19:28:54
7,Esperance,AU,-33.8667,121.9,55.24,72,0,6.78,clear sky,2022-04-30 19:28:55
8,Sitka,US,57.0531,-135.33,49.89,66,20,5.75,few clouds,2022-04-30 19:28:55
9,Guangyuan,CN,32.442,105.823,52.59,63,100,4.45,overcast clouds,2022-04-30 19:28:56
10,Upernavik,GL,72.7868,-56.1549,20.14,64,90,4.7,overcast clouds,2022-04-30 19:28:27
11,Lebyazhye,RU,55.2689,66.4947,43.05,39,100,12.17,overcast clouds,2022-04-30 19:28:56
12,Chokurdakh,RU,70.6333,147.9167,9.99,95,29,7.65,scattered clouds,2022-04-30 19:28:38
13,Thompson,CA,55.7435,-97.8558,41.16,60,100,11.5,overcast clouds,2022-04-30 19:25:50
14,Vao,NC,-22.6667,167.4833,75.25,81,100,22.39,overcast clouds,2022-04-30 19:28:57
15,Omboue,GA,-1.5746,9.2618,79.56,90,100,6.91,overcast clouds,2022-04-30 19:28:58
16,New Norfolk,AU,-42.7826,147.0587,56.91,79,100,4.0,overcast clouds,2022-04-30 19:28:59
17,Iqaluit,CA,63.7506,-68.5145,26.33,73,100,8.05,overcast clouds,2022-04-30 19:28:59
18,Bredasdorp,ZA,-34.5322,20.0403,56.61,84,9,5.32,clear sky,2022-04-30 19:25:05
19,Macklin,CA,52.3334,-109.9348,61.14,38,15,6.8,few clouds,2022-04-30 19:29:00
20,Kruisfontein,ZA,-34.0033,24.7314,54.88,86,8,8.03,clear sky,2022-04-30 19:29:00
21,Carnarvon,AU,-24.8667,113.6333,64.47,55,0,8.05,clear sky,2022-04-30 19:29:01
22,Ostrovnoy,RU,68.0531,39.5131,18.72,83,98,10.31,overcast clouds,2022-04-30 19:29:01
23,Swellendam,ZA,-34.0226,20.4417,58.05,81,11,5.44,few clouds,2022-04-30 19:29:02
24,Arraial Do Cabo,BR,-22.9661,-42.0278,76.86,78,75,5.75,broken clouds,2022-04-30 19:29:02
25,Saskylakh,RU,71.9167,114.0833,11.7,93,100,15.7,overcast clouds,2022-04-30 19:29:03
26,Te Karaka,NZ,-38.4654,177.8679,45.93,98,7,2.44,clear sky,2022-04-30 19:29:03
27,Ponta Do Sol,PT,32.6667,-17.1,70.43,68,0,2.01,clear sky,2022-04-30 19:29:04
28,Butaritari,KI,3.0707,172.7902,80.53,83,100,13.18,overcast clouds,2022-04-30 19:29:05
29,Nikolskoye,RU,59.7035,30.7861,40.91,66,100,5.86,overcast clouds,2022-04-30 19:29:06
30,Karratha,AU,-20.7377,116.8463,76.73,50,97,12.06,overcast clouds,2022-04-30 19:29:04
31,Tuatapere,NZ,-46.1333,167.6833,61.05,62,100,10.49,overcast clouds,2022-04-30 19:29:06
32,Busselton,AU,-33.65,115.3333,55.24,86,0,5.44,clear sky,2022-04-30 19:29:07
33,Albany,US,42.6001,-73.9662,64.02,26,89,1.01,overcast clouds,2022-04-30 19:27:06
34,Vaini,TO,-21.2,-175.2,77.16,94,100,9.22,light intensity drizzle,2022-04-30 19:29:08
35,Kochevo,RU,59.5994,54.3125,33.12,83,64,7.78,broken clouds,2022-04-30 19:29:08
36,Georgetown,MY,5.4112,100.3354,82.35,89,20,3.44,few clouds,2022-04-30 19:29:09
37,Derzhavinsk,KZ,51.1,66.3167,62.85,57,100,9.33,overcast clouds,2022-04-30 19:29:09
38,Aransas Pass,US,27.9095,-97.15,84.22,82,40,13.8,scattered clouds,2022-04-30 19:29:10
39,Hilliard,US,40.0334,-83.1582,65.86,77,75,10.36,broken clouds,2022-04-30 19:26:14
40,Hermanus,ZA,-34.4187,19.2345,59.29,86,100,4.12,overcast clouds,2022-04-30 19:29:11
41,Nanortalik,GL,60.1432,-45.2371,38.23,84,99,1.28,overcast clouds,2022-04-30 19:29:11
42,Poum,NC,-20.2333,164.0167,75.97,77,1,5.17,clear sky,2022-04-30 19:29:12
43,Mehamn,NO,71.0357,27.8492,26.19,72,95,12.44,light snow,2022-04-30 19:29:12
44,Dikson,RU,73.5069,80.5464,16.25,95,100,17.81,overcast clouds,2022-04-30 19:26:59
45,Brigantine,US,39.4101,-74.3646,69.21,36,0,12.66,clear sky,2022-04-30 19:29:13
46,Ahuimanu,US,21.4447,-157.8378,76.86,74,75,13.8,light rain,2022-04-30 19:29:14
47,Kodiak,US,57.79,-152.4072,38.71,93,100,31.07,moderate rain,2022-04-30 19:30:14
48,Ulcinj,ME,41.9294,19.2244,66.42,78,5,4.61,clear sky,2022-04-30 19:30:15
49,Mar Del Plata,AR,-38.0023,-57.5575,57.22,57,0,11.5,clear sky,2022-04-30 19:30:16
50,Charters Towers,AU,-20.1,146.2667,67.51,82,0,6.17,clear sky,2022-04-30 19:25:45
51,Tiksi,RU,71.6872,128.8694,34.25,89,100,17.16,overcast clouds,2022-04-30 19:30:17
52,Baghdad,IQ,33.3406,44.4009,83.35,26,65,8.79,broken clouds,2022-04-30 19:30:17
53,Jamestown,US,42.097,-79.2353,66.52,23,0,8.05,clear sky,2022-04-30 19:30:18
54,Port Elizabeth,ZA,-33.918,25.5701,61.32,78,0,16.11,clear sky,2022-04-30 19:30:18
55,Tasiilaq,GL,65.6145,-37.6368,41.16,63,10,0.56,clear sky,2022-04-30 19:30:19
56,Guerrero Negro,MX,27.9769,-114.0611,68.47,57,80,15.28,broken clouds,2022-04-30 19:30:20
57,Ushuaia,AR,-54.8,-68.3,40.66,87,0,3.44,clear sky,2022-04-30 19:28:56
58,Kirakira,SB,-10.4544,161.9205,80.24,80,100,2.04,overcast clouds,2022-04-30 19:30:20
59,Saldanha,ZA,-33.0117,17.9442,57.25,87,8,12.15,clear sky,2022-04-30 19:30:21
60,Inongo,CD,-1.95,18.2667,74.59,79,99,1.88,overcast clouds,2022-04-30 19:29:53
61,Chuy,UY,-33.6971,-53.4616,60.66,57,100,6.15,overcast clouds,2022-04-30 19:27:17
62,Manapparai,IN,10.6,78.4167,86.86,64,62,5.32,broken clouds,2022-04-30 19:27:05
63,Bethel,US,41.3712,-73.414,65.01,34,0,7.0,clear sky,2022-04-30 19:27:09
64,Airai,TL,-8.9266,125.4092,59.67,84,87,3.02,overcast clouds,2022-04-30 19:30:22
65,Hasaki,JP,35.7333,140.8333,45.0,61,100,10.38,overcast clouds,2022-04-30 19:30:22
66,Usak,TR,38.5,29.4167,54.01,70,91,10.2,overcast clouds,2022-04-30 19:30:23
67,Norman Wells,CA,65.282,-126.8329,44.64,53,0,11.5,clear sky,2022-04-30 19:30:24
68,Caririacu,BR,-7.0422,-39.2836,84.29,48,20,6.91,few clouds,2022-04-30 19:30:24
69,Bluff,NZ,-46.6,168.3333,64.8,65,100,18.43,moderate rain,2022-04-30 19:28:56
70,Jiazi,CN,22.8779,116.067,70.68,91,100,14.05,overcast clouds,2022-04-30 19:30:25
71,Punta Arenas,CL,-53.15,-70.9167,44.71,76,40,9.22,scattered clouds,2022-04-30 19:30:25
72,Hilo,US,19.7297,-155.09,77.29,92,100,5.75,light rain,2022-04-30 19:26:15
73,Kieta,PG,-6.2167,155.6333,78.4,82,100,3.15,light rain,2022-04-30 19:30:26
74,Hobart,AU,-42.8794,147.3294,57.25,78,100,10.36,overcast clouds,2022-04-30 19:27:55
75,Arroyo,ES,41.6096,-4.7969,66.6,67,20,2.3,few clouds,2022-04-30 19:30:28
76,Ulladulla,AU,-35.35,150.4667,54.5,74,2,3.62,clear sky,2022-04-30 19:30:29
77,Castro,BR,-24.7911,-50.0119,67.35,86,43,1.05,scattered clouds,2022-04-30 19:30:29
78,Yellowknife,CA,62.456,-114.3525,34.32,47,0,5.75,clear sky,2022-04-30 19:30:30
79,Chapais,CA,49.7834,-74.8492,46.18,58,5,7.81,clear sky,2022-04-30 19:30:30
80,Hillsborough,US,37.5741,-122.3794,74.28,72,75,19.57,broken clouds,2022-04-30 19:30:31
81,Acarau,BR,-2.8856,-40.12,80.65,85,16,8.61,few clouds,2022-04-30 19:30:31
82,Atuona,PF,-9.8,-139.0333,78.89,76,7,13.38,clear sky,2022-04-30 19:30:32
83,Port Alfred,ZA,-33.5906,26.891,60.19,80,1,4.0,clear sky,2022-04-30 19:30:33
84,Lagoa,PT,39.05,-27.9833,60.98,87,0,10.51,clear sky,2022-04-30 19:30:33
85,Tuktoyaktuk,CA,69.4541,-133.0374,30.2,80,20,9.22,few clouds,2022-04-30 19:30:34
86,Marawi,PH,7.9986,124.2928,67.98,96,96,1.43,overcast clouds,2022-04-30 19:27:38
87,Yuxia,CN,34.0615,108.6291,48.81,29,100,5.14,overcast clouds,2022-04-30 19:30:34
88,Luderitz,NA,-26.6481,15.1594,58.8,66,0,17.2,clear sky,2022-04-30 19:30:35
89,Saint-Philippe,RE,-21.3585,55.7679,78.39,79,9,11.48,clear sky,2022-04-30 19:30:36
90,Hithadhoo,MV,-0.6,73.0833,85.53,68,100,14.94,overcast clouds,2022-04-30 19:29:29
91,Mount Gambier,AU,-37.8333,140.7667,55.31,94,100,9.22,overcast clouds,2022-04-30 19:31:36
92,Koumac,NC,-20.5667,164.2833,73.31,84,0,5.3,clear sky,2022-04-30 19:31:37
93,Cabedelo,BR,-6.9811,-34.8339,83.07,73,100,14.97,overcast clouds,2022-04-30 19:29:53
94,Ribnica,SI,45.7386,14.7275,53.1,77,76,3.09,broken clouds,2022-04-30 19:31:38
95,Sept-Iles,CA,50.2001,-66.3821,46.06,59,100,15.99,light rain,2022-04-30 19:31:38
96,Tungor,RU,53.3808,142.9564,29.98,98,100,4.59,light snow,2022-04-30 19:31:39
97,Cidreira,BR,-30.1811,-50.2056,65.95,70,100,9.84,overcast clouds,2022-04-30 19:31:39
98,Omsk,RU,55.0,73.4,44.49,56,0,13.42,clear sky,2022-04-30 19:27:11
99,Tabory,RU,58.5198,64.5495,31.24,59,9,4.5,clear sky,2022-04-30 19:31:40
100,Rio Gallegos,AR,-51.6226,-69.2181,48.25,49,0,2.3,clear sky,2022-04-30 19:30:26
101,Calabozo,VE,8.9242,-67.4293,79.63,77,100,6.08,overcast clouds,2022-04-30 19:31:41
102,Vilshofen,DE,48.6333,13.1833,57.33,96,100,6.31,light rain,2022-04-30 19:31:41
103,Victoria,HK,22.2855,114.1577,78.19,85,100,17.0,light rain,2022-04-30 19:31:42
104,Mataura,NZ,-46.1927,168.8643,64.47,87,100,3.71,overcast clouds,2022-04-30 19:28:58
105,Ler,SS,8.3018,30.1418,82.13,56,84,7.65,broken clouds,2022-04-30 19:30:19
106,Nioro,GM,13.35,-15.75,86.65,33,76,12.37,broken clouds,2022-04-30 19:31:42
107,Curvelo,BR,-18.7564,-44.4308,81.79,32,22,9.15,few clouds,2022-04-30 19:31:43
108,Vestmanna,FO,62.1564,-7.1664,43.72,87,45,9.22,scattered clouds,2022-04-30 19:31:44
109,Hokitika,NZ,-42.7167,170.9667,56.41,87,100,4.7,overcast clouds,2022-04-30 19:31:44
110,Padang,ID,-0.9492,100.3543,77.34,90,99,4.59,light rain,2022-04-30 19:31:45
111,Nishihara,JP,26.1842,127.7558,70.88,78,100,5.75,overcast clouds,2022-04-30 19:31:46
112,Sorland,NO,67.667,12.6934,37.27,64,25,7.56,scattered clouds,2022-04-30 19:31:46
113,Merauke,ID,-8.4667,140.3333,79.56,86,100,11.72,moderate rain,2022-04-30 19:31:24
114,Khonsa,IN,27.0167,95.5667,62.4,83,100,3.09,overcast clouds,2022-04-30 19:31:47
115,Penhold,CA,52.1334,-113.8687,53.4,50,75,9.22,broken clouds,2022-04-30 19:30:27
116,Kapaa,US,22.0752,-159.319,77.47,78,40,17.27,scattered clouds,2022-04-30 19:31:48
117,Pochutla,MX,15.7432,-96.4661,88.83,41,4,9.84,clear sky,2022-04-30 19:31:48
118,Aykhal,RU,66.0,111.5,12.74,93,100,25.48,light snow,2022-04-30 19:31:49
119,Port Macquarie,AU,-31.4333,152.9167,57.88,88,7,8.97,clear sky,2022-04-30 19:31:49
120,Tadine,NC,-21.55,167.8833,75.18,86,100,16.53,light rain,2022-04-30 19:31:50
121,Itarema,BR,-2.9248,-39.9167,80.33,86,11,8.21,few clouds,2022-04-30 19:31:51
122,Portland,US,45.5234,-122.6762,57.24,81,75,9.22,broken clouds,2022-04-30 19:30:52
123,Namatanai,PG,-3.6667,152.4333,78.31,83,78,3.04,light rain,2022-04-30 19:31:51
124,Leningradskiy,RU,69.3833,178.4167,9.64,91,71,4.41,broken clouds,2022-04-30 19:31:52
125,Faanui,PF,-16.4833,-151.75,81.3,72,9,15.73,light rain,2022-04-30 19:31:52
126,Takoradi,GH,4.8845,-1.7554,81.45,82,85,8.88,overcast clouds,2022-04-30 19:31:53
127,Saint George,US,37.1041,-113.5841,79.43,13,0,8.05,clear sky,2022-04-30 19:29:22
128,Nome,US,64.5011,-165.4064,46.47,50,20,9.22,few clouds,2022-04-30 19:31:54
129,Coolum Beach,AU,-26.5333,153.1,66.34,98,60,6.44,broken clouds,2022-04-30 19:31:54
130,Bell Ville,AR,-32.6259,-62.6887,67.66,33,31,7.31,scattered clouds,2022-04-30 19:31:55
131,Torbay,CA,47.6666,-52.7314,44.76,96,100,3.44,light rain,2022-04-30 19:29:25
132,Hurricane,US,37.1753,-113.2899,80.94,13,100,4.56,overcast clouds,2022-04-30 19:31:01
133,Lebu,CL,-37.6167,-73.65,54.5,61,2,14.27,clear sky,2022-04-30 19:28:38
134,Askiz,RU,53.1319,90.5264,54.1,53,11,5.66,few clouds,2022-04-30 19:31:55
135,Qaanaaq,GL,77.484,-69.3632,18.12,72,94,5.46,overcast clouds,2022-04-30 19:28:42
136,Mogadishu,SO,2.0371,45.3438,83.61,76,100,11.74,light rain,2022-04-30 19:29:49
137,Ahipara,NZ,-35.1667,173.1667,58.68,87,9,6.42,clear sky,2022-04-30 19:31:56
138,Cabo San Lucas,MX,22.8909,-109.9124,86.61,44,20,11.5,few clouds,2022-04-30 19:31:57
139,Rocha,UY,-34.4833,-54.3333,58.86,68,100,1.43,overcast clouds,2022-04-30 19:30:53
140,Boyolangu,ID,-8.1181,111.8935,74.93,92,100,4.25,overcast clouds,2022-04-30 19:32:57
141,Leshukonskoye,RU,64.8989,45.7622,22.51,94,81,3.47,broken clouds,2022-04-30 19:32:58
142,Avarua,CK,-21.2078,-159.775,82.45,78,40,9.22,scattered clouds,2022-04-30 19:32:59
143,Sussex,US,41.1834,-74.6663,67.73,25,0,7.0,clear sky,2022-04-30 19:32:59
144,Shimoda,JP,34.6667,138.95,52.11,67,100,6.17,overcast clouds,2022-04-30 19:33:00
145,Staryy Nadym,RU,65.6118,72.6842,22.93,96,100,4.23,light snow,2022-04-30 19:33:00
146,Zhigansk,RU,66.7697,123.3711,30.81,97,100,31.97,snow,2022-04-30 19:33:01
147,Semporna,MY,4.4818,118.6112,79.23,85,99,2.44,overcast clouds,2022-04-30 19:33:02
148,Hellvik,NO,59.9156,5.781,46.0,73,22,1.95,few clouds,2022-04-30 19:33:02
149,Jingdezhen,CN,29.2947,117.2079,54.97,96,100,3.4,light rain,2022-04-30 19:33:02
150,Moroni,KM,-11.7022,43.2551,79.27,84,33,12.28,moderate rain,2022-04-30 19:33:03
151,Turinsk,RU,58.0458,63.696,33.51,56,1,5.57,clear sky,2022-04-30 19:33:04
152,Fairbanks,US,64.8378,-147.7164,54.09,39,0,6.91,clear sky,2022-04-30 19:32:01
153,Gejiu,CN,23.306,103.1635,51.75,90,67,5.73,broken clouds,2022-04-30 19:33:04
154,Houma,US,29.5958,-90.7195,88.02,62,40,11.5,scattered clouds,2022-04-30 19:33:05
155,Bereda,ES,43.2686,-7.5406,62.58,83,12,2.98,few clouds,2022-04-30 19:33:06
156,Cap Malheureux,MU,-19.9842,57.6142,74.46,80,5,1.99,clear sky,2022-04-30 19:33:06
157,Pangody,RU,65.85,74.4859,21.74,96,100,4.74,light snow,2022-04-30 19:31:28
158,Houston,US,29.7633,-95.3633,89.4,62,40,12.66,scattered clouds,2022-04-30 19:30:38
159,Trimbak,IN,19.9333,73.55,73.38,64,0,4.23,clear sky,2022-04-30 19:33:07
160,Constitucion,CL,-35.3333,-72.4167,60.21,52,2,15.05,clear sky,2022-04-30 19:31:20
161,Pergamino,AR,-33.89,-60.5736,60.19,40,55,7.58,broken clouds,2022-04-30 19:33:08
162,Arica,CL,-18.475,-70.3042,74.75,63,0,12.66,clear sky,2022-04-30 19:32:02
163,Severo-Kurilsk,RU,50.6789,156.125,34.41,82,100,7.09,overcast clouds,2022-04-30 19:33:09
164,Provideniya,RU,64.3833,-173.3,30.13,90,100,18.03,light snow,2022-04-30 19:29:32
165,Waipawa,NZ,-41.4122,175.5153,48.94,82,65,8.41,broken clouds,2022-04-30 19:33:10
166,Wyndham,US,37.6985,-77.6125,69.06,36,0,5.01,clear sky,2022-04-30 19:33:11
167,East London,ZA,-33.0153,27.9116,64.17,69,0,14.56,clear sky,2022-04-30 19:29:37
168,Saryozek,KZ,44.3583,77.9753,60.12,28,82,3.6,broken clouds,2022-04-30 19:33:12
169,Bonavista,CA,48.6499,-53.1147,36.32,97,100,9.57,light rain,2022-04-30 19:30:03
170,Katakwi,UG,1.8911,33.9661,66.4,89,100,5.06,light rain,2022-04-30 19:33:12
171,Bambous Virieux,MU,-20.3428,57.7575,77.25,83,40,6.91,scattered clouds,2022-04-30 19:33:13
172,Kununurra,AU,-15.7667,128.7333,80.58,89,100,4.61,overcast clouds,2022-04-30 19:31:31
173,Puerto Del Rosario,ES,28.5004,-13.8627,67.75,83,20,13.8,few clouds,2022-04-30 19:33:14
174,Puerto Baquerizo Moreno,EC,-0.9,-89.6,81.59,65,20,13.8,few clouds,2022-04-30 19:33:14
175,Blackwater,AU,-23.5833,148.8833,65.91,83,78,4.52,broken clouds,2022-04-30 19:33:15
176,Veracruz,MX,19.3333,-96.6667,92.88,39,75,8.37,broken clouds,2022-04-30 19:33:15
177,Sao Gabriel Da Cachoeira,BR,-0.1303,-67.0892,87.6,66,40,4.61,scattered clouds,2022-04-30 19:33:16
178,Yantal,RU,56.8471,105.2542,42.48,96,99,4.72,overcast clouds,2022-04-30 19:33:17
179,Barstow,US,34.8986,-117.0228,83.16,9,0,10.31,clear sky,2022-04-30 19:33:19
180,Cape Town,ZA,-33.9258,18.4232,60.28,79,0,4.61,clear sky,2022-04-30 19:32:10
181,Birin,NP,26.8865,88.0718,57.6,82,100,6.22,overcast clouds,2022-04-30 19:33:19
182,Southbridge,US,42.0751,-72.0334,61.86,37,100,4.0,overcast clouds,2022-04-30 19:32:59
183,Ukiah,US,39.1502,-123.2078,68.43,65,100,9.22,overcast clouds,2022-04-30 19:32:09
184,Presidente Medici,BR,-11.1753,-61.9014,84.97,75,100,2.06,overcast clouds,2022-04-30 19:33:21
185,Touros,BR,-5.1989,-35.4608,80.98,71,15,15.46,few clouds,2022-04-30 19:33:22
186,Pisco,PE,-13.7,-76.2167,72.01,64,0,10.36,clear sky,2022-04-30 19:34:24
187,Grieskirchen,AT,48.2333,13.8333,54.46,96,100,9.69,overcast clouds,2022-04-30 19:34:24
188,Evensk,RU,61.95,159.2333,31.32,65,13,8.43,few clouds,2022-04-30 19:34:25
189,Ribeira Grande,PT,38.5167,-28.7,64.8,82,20,11.5,few clouds,2022-04-30 19:34:25
190,Zhuzhou,CN,27.8333,113.15,55.53,95,100,6.46,overcast clouds,2022-04-30 19:34:26
191,Kuytun,RU,54.3419,101.5036,48.33,82,78,6.93,broken clouds,2022-04-30 19:34:27
192,Namibe,AO,-15.1961,12.1522,74.95,81,38,7.36,scattered clouds,2022-04-30 19:34:27
193,Bousso,TD,10.4795,16.7117,93.76,28,26,3.04,scattered clouds,2022-04-30 19:34:28
194,San Patricio,US,28.017,-97.5169,86.09,62,95,16.4,overcast clouds,2022-04-30 19:34:28
195,Hamilton,US,39.1834,-84.5333,71.73,75,75,12.66,broken clouds,2022-04-30 19:30:29
196,Tautira,PF,-17.7333,-149.15,79.92,75,58,14.34,light rain,2022-04-30 19:34:29
197,Chegdomyn,RU,51.1167,133.0167,27.95,90,56,2.62,broken clouds,2022-04-30 19:34:30
198,Talnakh,RU,69.4865,88.3972,18.21,98,100,7.76,overcast clouds,2022-04-30 19:34:30
199,Fondi,IT,41.3541,13.4313,60.82,66,42,4.97,scattered clouds,2022-04-30 19:34:14
200,Coquimbo,CL,-29.9533,-71.3436,58.73,77,20,12.66,few clouds,2022-04-30 19:34:31
201,San Borja,BO,-14.8167,-66.85,85.46,56,3,1.23,clear sky,2022-04-30 19:34:32
202,Puerto Ayora,EC,-0.7393,-90.3518,80.56,78,89,8.7,overcast clouds,2022-04-30 19:33:06
203,Verkhnevilyuysk,RU,63.4453,120.3167,36.54,97,100,7.07,overcast clouds,2022-04-30 19:34:32
204,Salamiyah,SY,35.0113,37.0532,64.53,71,1,15.68,clear sky,2022-04-30 19:34:32
205,Mamallapuram,IN,12.6264,80.1722,86.05,85,0,13.4,clear sky,2022-04-30 19:34:33
206,Khatanga,RU,71.9667,102.5,3.4,99,92,7.54,overcast clouds,2022-04-30 19:30:13
207,Kupang,ID,-10.1667,123.5833,77.27,86,9,6.58,clear sky,2022-04-30 19:34:34
208,Cherskiy,RU,68.75,161.3,9.81,93,80,4.63,broken clouds,2022-04-30 19:34:34
209,Kungurtug,RU,50.5994,97.5228,40.33,62,100,2.1,overcast clouds,2022-04-30 19:34:35
210,Pevek,RU,69.7008,170.3133,1.87,98,100,4.94,overcast clouds,2022-04-30 19:30:49
211,Waddan,LY,29.1614,16.139,82.36,15,65,22.93,broken clouds,2022-04-30 19:34:36
212,Leh,IN,34.1667,77.5833,43.25,65,93,2.73,overcast clouds,2022-04-30 19:34:36
213,Pangnirtung,CA,66.1451,-65.7125,23.0,80,100,2.3,overcast clouds,2022-04-30 19:30:16
214,Praia,CV,14.9215,-23.5087,73.94,68,20,23.02,few clouds,2022-04-30 19:34:37
215,Ayan,RU,56.45,138.1667,32.22,93,100,6.93,overcast clouds,2022-04-30 19:34:37
216,Nizhneangarsk,RU,55.7833,109.55,35.01,94,100,0.76,overcast clouds,2022-04-30 19:34:38
217,Vanimo,PG,-2.6741,141.3028,76.73,86,97,3.36,overcast clouds,2022-04-30 19:34:39
218,Barrow,US,71.2906,-156.7887,17.62,79,20,13.8,haze,2022-04-30 19:34:39
219,Tay Ninh,VN,11.3,106.1,79.29,83,100,5.88,overcast clouds,2022-04-30 19:34:40
220,Elat,IL,29.5581,34.9482,82.24,28,0,18.41,dust,2022-04-30 19:34:40
221,Kamsack,CA,51.5667,-101.9009,49.71,66,100,14.32,overcast clouds,2022-04-30 19:34:41
222,Rafai,CF,4.95,23.9167,67.6,97,100,1.9,light rain,2022-04-30 19:34:41
223,Buhovo,BG,42.7667,23.5667,51.57,71,40,6.91,scattered clouds,2022-04-30 19:34:42
224,Deputatskiy,RU,69.3,139.9,6.98,86,24,2.84,few clouds,2022-04-30 19:34:43
225,Harper,LR,4.375,-7.7169,81.01,79,100,7.61,overcast clouds,2022-04-30 19:34:43
226,Naze,JP,28.3667,129.4833,63.52,75,100,12.93,overcast clouds,2022-04-30 19:34:44
227,Sangar,RU,63.9242,127.4739,26.29,86,93,13.2,overcast clouds,2022-04-30 19:34:45
228,Manica,FR,49.0,-1.1667,45.54,91,100,5.7,overcast clouds,2022-04-30 19:34:45
229,Fraserburgh,GB,57.6874,-2.0184,48.11,92,100,17.27,overcast clouds,2022-04-30 19:35:46
230,Korla,CN,41.7597,86.1469,58.51,29,5,3.67,clear sky,2022-04-30 19:35:44
231,Toamasina,MG,-18.1667,49.3833,72.1,86,0,3.42,clear sky,2022-04-30 19:35:47
232,Buala,SB,-8.145,159.5921,79.86,80,100,1.41,light rain,2022-04-30 19:35:47
233,Auki,SB,-8.7676,160.7034,78.67,84,100,0.83,overcast clouds,2022-04-30 19:35:48
234,Cockburn Town,TC,21.4612,-71.1419,82.36,57,40,17.27,scattered clouds,2022-04-30 19:35:48
235,Viedma,AR,-40.8135,-62.9967,60.84,30,81,12.57,broken clouds,2022-04-30 19:35:49
236,Mazara Del Vallo,IT,37.6641,12.588,61.54,80,100,5.08,overcast clouds,2022-04-30 19:35:50
237,Bengkulu,ID,-3.8004,102.2655,76.19,88,86,5.19,moderate rain,2022-04-30 19:35:50
238,Malakal,SS,9.5334,31.6605,88.09,43,23,6.17,few clouds,2022-04-30 19:35:51
239,Neryungri,RU,56.6709,124.6491,10.36,88,12,3.85,few clouds,2022-04-30 19:35:51
240,Xunchang,CN,28.4543,104.715,53.73,95,100,7.02,overcast clouds,2022-04-30 19:35:52
241,Anchorage,US,61.2181,-149.9003,47.28,62,0,3.44,clear sky,2022-04-30 19:35:08
242,Petropavlovsk-Kamchatskiy,RU,53.0452,158.6483,28.99,74,40,6.71,scattered clouds,2022-04-30 19:35:27
243,Mahebourg,MU,-20.4081,57.7,77.29,83,40,6.91,scattered clouds,2022-04-30 19:35:52
244,Koungou,YT,-12.7336,45.2042,80.31,83,0,6.91,light rain,2022-04-30 19:35:53
245,Komsomolskiy,UZ,40.4272,71.7189,70.52,56,49,4.61,scattered clouds,2022-04-30 19:33:34
246,Meulaboh,ID,4.1363,96.1285,78.53,87,100,0.78,overcast clouds,2022-04-30 19:35:54
247,Senanga,ZM,-16.1167,23.2667,63.97,49,0,4.25,clear sky,2022-04-30 19:35:54
248,Zyryanka,RU,65.75,150.85,15.96,92,100,4.88,overcast clouds,2022-04-30 19:35:55
249,Fayaoue,NC,-20.65,166.5333,77.5,82,100,21.79,overcast clouds,2022-04-30 19:35:55
250,Honningsvag,NO,70.9821,25.9704,28.15,86,40,12.66,light snow,2022-04-30 19:35:56
251,Goderich,CA,43.7501,-81.7165,62.92,23,100,11.5,overcast clouds,2022-04-30 19:33:11
252,Chumikan,RU,54.7183,135.315,28.45,93,100,1.03,overcast clouds,2022-04-30 19:35:56
253,Peniche,PT,39.3558,-9.3811,63.1,73,4,11.97,clear sky,2022-04-30 19:35:57
254,Olinda,BR,-8.0089,-34.8553,82.13,69,40,9.22,scattered clouds,2022-04-30 19:35:58
255,Sindor,RU,62.8629,51.8905,22.84,91,27,3.67,scattered clouds,2022-04-30 19:35:58
256,Santa Isabel,BR,-23.3156,-46.2214,72.7,98,100,3.06,overcast clouds,2022-04-30 19:35:58
257,Sankt Valentin,AT,48.1667,14.5167,54.41,95,100,9.28,overcast clouds,2022-04-30 19:35:59
258,Lorengau,PG,-2.0226,147.2712,80.58,79,100,3.96,overcast clouds,2022-04-30 19:35:59
259,Svetlyy,RU,54.675,20.1347,48.25,70,100,8.41,overcast clouds,2022-04-30 19:36:00
260,Etchoropo,MX,26.7667,-109.6667,96.42,30,96,11.88,overcast clouds,2022-04-30 19:36:01
261,Ntungamo,UG,-0.8833,29.65,63.27,97,90,3.85,light rain,2022-04-30 19:36:01
262,Kavieng,PG,-2.5744,150.7967,81.41,75,100,3.18,light rain,2022-04-30 19:36:02
263,Cururupu,BR,-1.8283,-44.8683,79.95,84,88,4.27,overcast clouds,2022-04-30 19:36:02
264,Simpsonville,US,34.7371,-82.2543,81.55,45,40,11.5,scattered clouds,2022-04-30 19:34:39
265,Samarai,PG,-10.6167,150.6667,79.77,79,61,5.84,broken clouds,2022-04-30 19:36:03
266,Kawalu,ID,-7.3817,108.2082,72.28,96,99,2.66,overcast clouds,2022-04-30 19:36:03
267,Chipinge,ZW,-20.1883,32.6236,59.76,64,0,2.82,clear sky,2022-04-30 19:36:04
268,Buarcos,PT,40.166,-8.8768,63.66,88,0,10.8,clear sky,2022-04-30 19:36:05
269,Lavrentiya,RU,65.5833,-171.0,25.86,87,100,15.26,overcast clouds,2022-04-30 19:33:31
270,Kloulklubed,PW,7.0419,134.2556,82.35,74,96,4.68,overcast clouds,2022-04-30 19:36:05
271,Port Hedland,AU,-20.3167,118.5667,73.45,64,66,6.91,broken clouds,2022-04-30 19:36:06
272,Braco Do Norte,BR,-28.275,-49.1656,68.7,77,100,1.12,heavy intensity rain,2022-04-30 19:35:37
273,Chernyshevskiy,RU,63.0128,112.4714,23.58,94,36,4.94,scattered clouds,2022-04-30 19:36:07
274,Quatre Cocos,MU,-20.2078,57.7625,77.11,80,41,11.1,scattered clouds,2022-04-30 19:37:07
275,San Cristobal,VE,7.7669,-72.225,84.38,82,100,6.49,overcast clouds,2022-04-30 19:36:29
276,Mouila,GA,-1.8685,11.0559,75.63,93,98,3.33,overcast clouds,2022-04-30 19:37:08
277,Agadez,NE,19.75,10.25,90.07,7,100,10.25,overcast clouds,2022-04-30 19:34:33
278,Bengbu,CN,32.9408,117.3608,51.35,87,85,5.06,overcast clouds,2022-04-30 19:37:09
279,Teguldet,RU,57.3064,88.1667,44.53,89,100,9.04,overcast clouds,2022-04-30 19:37:10
280,Ngunguru,NZ,-35.6167,174.5,62.35,78,32,7.27,scattered clouds,2022-04-30 19:37:10
281,Baudh,IN,20.8416,84.3213,85.98,37,9,3.49,clear sky,2022-04-30 19:37:11
282,Axim,GH,4.8699,-2.2405,80.65,84,100,8.57,overcast clouds,2022-04-30 19:37:11
283,Coos Bay,US,43.3665,-124.2179,55.38,85,100,16.11,overcast clouds,2022-04-30 19:32:54
284,Chester,US,40.1254,-75.8749,67.05,27,0,6.91,clear sky,2022-04-30 19:36:38
285,Junin,AR,-34.5838,-60.9433,53.15,40,100,3.85,overcast clouds,2022-04-30 19:37:12
286,Bambanglipuro,ID,-7.95,110.2833,76.66,87,78,4.7,broken clouds,2022-04-30 19:37:12
287,Katsuura,JP,35.1333,140.3,56.97,73,100,9.55,overcast clouds,2022-04-30 19:37:13
288,Tchibanga,GA,-2.85,11.0333,73.11,97,100,3.06,overcast clouds,2022-04-30 19:37:14
289,Braganca,BR,-1.0536,-46.7656,75.88,97,100,3.04,overcast clouds,2022-04-30 19:37:14
290,Hovd,MN,48.0056,91.6419,50.49,26,97,7.94,overcast clouds,2022-04-30 19:37:15
291,Eston,CA,51.1501,-108.7514,57.92,30,87,7.63,overcast clouds,2022-04-30 19:37:15
292,Jurm,AF,36.8648,70.8342,65.84,53,0,2.26,clear sky,2022-04-30 19:37:16
293,Vestmannaeyjar,IS,63.4427,-20.2734,46.51,85,25,18.23,scattered clouds,2022-04-30 19:37:16
294,Nouadhibou,MR,20.931,-17.0347,66.18,77,98,20.71,sand,2022-04-30 19:37:17
295,Whitehorse,CA,60.7161,-135.0538,45.1,70,75,10.36,broken clouds,2022-04-30 19:34:40
296,Gambela,ET,8.25,34.5833,73.67,92,100,1.39,light rain,2022-04-30 19:37:18
297,Jalu,LY,29.0331,21.5482,80.06,19,4,8.57,clear sky,2022-04-30 19:37:18
298,Dauphin,CA,51.1494,-100.0502,46.54,66,0,13.8,clear sky,2022-04-30 19:37:19
299,Fukue,JP,32.6881,128.8419,59.76,71,100,17.69,light rain,2022-04-30 19:35:00
300,Baherden,TM,38.4362,57.4316,66.99,65,100,6.73,light rain,2022-04-30 19:37:19
301,Solnechnyy,RU,50.7214,136.6319,26.13,85,51,5.55,broken clouds,2022-04-30 19:37:20
302,Makakilo City,US,21.3469,-158.0858,76.01,68,75,13.8,light rain,2022-04-30 19:37:20
303,Kushima,JP,31.4583,131.2333,60.48,82,100,4.47,overcast clouds,2022-04-30 19:37:21
304,Krasnoselkup,RU,65.7,82.4667,19.6,95,99,14.2,light snow,2022-04-30 19:37:22
305,Kahului,US,20.8947,-156.47,78.82,72,40,16.11,scattered clouds,2022-04-30 19:37:22
306,Klaeng,TH,12.7797,101.6483,87.94,85,73,1.43,broken clouds,2022-04-30 19:37:23
307,Richards Bay,ZA,-28.783,32.0377,66.15,77,9,9.37,clear sky,2022-04-30 19:36:52
308,Dunedin,NZ,-45.8742,170.5036,54.81,83,100,1.99,overcast clouds,2022-04-30 19:37:24
309,Svetlogorsk,BY,52.6333,29.7333,41.18,64,15,5.14,few clouds,2022-04-30 19:37:24
310,Dingle,PH,10.9995,122.6711,76.75,86,100,5.93,heavy intensity rain,2022-04-30 19:34:32
311,Locri,IT,38.2414,16.2623,62.31,62,100,6.49,overcast clouds,2022-04-30 19:37:25
312,Sur,OM,22.5667,59.5289,88.83,53,90,3.67,overcast clouds,2022-04-30 19:34:57
313,Nurota,UZ,40.5614,65.6886,73.4,29,100,8.59,overcast clouds,2022-04-30 19:37:25
314,Akhmim,EG,26.5622,31.745,88.0,16,0,12.01,clear sky,2022-04-30 19:37:26
315,Luwuk,ID,-0.9516,122.7875,77.4,89,97,3.22,overcast clouds,2022-04-30 19:37:27
316,Mackay,AU,-21.15,149.2,68.68,94,10,5.75,clear sky,2022-04-30 19:38:27
317,Tonj,SS,7.2737,28.6822,81.21,60,53,4.79,broken clouds,2022-04-30 19:38:28
318,Atambua,ID,-9.1061,124.8925,72.73,90,98,4.41,overcast clouds,2022-04-30 19:38:29
319,Phan Thiet,VN,10.9333,108.1,78.62,86,100,2.17,overcast clouds,2022-04-30 19:38:29
320,Asau,RO,46.4333,26.4,47.28,88,68,2.86,broken clouds,2022-04-30 19:38:30
321,Hammerfest,NO,70.6634,23.6821,28.85,86,75,5.75,broken clouds,2022-04-30 19:38:31
322,Russell,US,32.3502,-85.1999,85.28,51,40,10.36,scattered clouds,2022-04-30 19:38:31
323,Geraldton,AU,-28.7667,114.6,55.81,71,0,11.5,clear sky,2022-04-30 19:38:32
324,Boulder City,US,35.9786,-114.8325,84.43,8,0,8.05,clear sky,2022-04-30 19:38:32
325,Kaitangata,NZ,-46.2817,169.8464,50.32,84,100,5.82,overcast clouds,2022-04-30 19:38:33
326,Grenfell,AU,-33.9,148.1667,44.37,79,0,2.13,clear sky,2022-04-30 19:38:34
327,San Anselmo,US,37.9747,-122.5616,78.49,66,0,14.97,clear sky,2022-04-30 19:38:34
328,Ilulissat,GL,69.2167,-51.1,24.82,50,0,16.11,clear sky,2022-04-30 19:34:09
329,Shirvan,AZ,39.9509,48.8994,65.01,63,100,6.17,overcast clouds,2022-04-30 19:38:35
330,Santa Maria,BR,-29.6842,-53.8069,63.7,77,0,8.05,clear sky,2022-04-30 19:36:12
331,Avera,US,33.194,-82.5271,82.54,40,7,6.91,clear sky,2022-04-30 19:38:36
332,Karla,EE,59.3723,24.9275,40.96,70,0,11.5,light rain,2022-04-30 19:38:36
333,Asilah,MA,35.465,-6.0348,67.96,72,2,16.28,clear sky,2022-04-30 19:38:37
334,Ancud,CL,-41.8697,-73.8203,52.0,80,100,6.89,overcast clouds,2022-04-30 19:38:37
335,Champerico,GT,14.3,-91.9167,91.94,62,71,9.35,broken clouds,2022-04-30 19:38:38
336,Praia Da Vitoria,PT,38.7333,-27.0667,68.25,64,40,3.36,scattered clouds,2022-04-30 19:38:38
337,Yumen,CN,40.2833,97.2,45.3,30,0,3.53,clear sky,2022-04-30 19:38:39
338,Hualmay,PE,-11.0964,-77.6139,70.93,75,71,9.86,broken clouds,2022-04-30 19:34:16
339,Neftekamsk,RU,56.092,54.2703,39.16,56,59,2.37,broken clouds,2022-04-30 19:38:40
340,Luis Correia,BR,-2.8792,-41.6669,86.0,79,40,5.75,scattered clouds,2022-04-30 19:38:40
341,Novouzensk,RU,50.4592,48.1431,53.74,60,88,8.7,overcast clouds,2022-04-30 19:38:41
342,Sayat,TM,38.7839,63.8803,84.63,19,100,12.44,overcast clouds,2022-04-30 19:38:42
343,Gelemso,ET,8.8167,40.5167,62.83,80,100,0.51,overcast clouds,2022-04-30 19:38:42
344,Lingyuan,CN,41.24,119.4011,46.02,20,87,7.43,overcast clouds,2022-04-30 19:38:43
345,Nuuk,GL,64.1835,-51.7216,27.21,59,40,13.8,scattered clouds,2022-04-30 19:36:40
346,Bullhead City,US,35.1478,-114.5683,95.94,8,75,16.11,broken clouds,2022-04-30 19:38:44
347,Saint Anthony,US,45.0205,-93.218,52.05,92,100,16.11,mist,2022-04-30 19:37:57
348,Nelson Bay,AU,-32.7167,152.15,59.0,94,43,10.18,light rain,2022-04-30 19:38:44
349,Saint-Francois,FR,46.4154,3.9054,50.68,71,0,5.75,clear sky,2022-04-30 19:38:45
350,Gotsu,JP,35.0,132.2167,52.93,80,100,4.7,overcast clouds,2022-04-30 19:38:46
351,Chiang Khong,TH,20.2613,100.4046,72.75,95,88,2.28,overcast clouds,2022-04-30 19:38:46
352,Caravelas,BR,-17.7125,-39.2481,76.86,74,2,4.72,clear sky,2022-04-30 19:38:47
353,Grandview,US,38.8858,-94.533,61.99,61,100,17.27,overcast clouds,2022-04-30 19:38:47
354,Vanavara,RU,60.34,102.2797,37.87,96,100,4.88,light rain,2022-04-30 19:38:48
355,Chimoio,MZ,-19.1164,33.4833,64.26,77,0,2.51,clear sky,2022-04-30 19:38:49
356,Kusu,JP,33.2831,131.1514,55.02,95,100,1.28,overcast clouds,2022-04-30 19:38:49
357,Muncar,ID,-8.4333,114.3333,76.78,89,56,2.06,broken clouds,2022-04-30 19:38:50
358,Porto Walter,BR,-8.2686,-72.7439,82.62,72,82,4.29,broken clouds,2022-04-30 19:38:50
359,Terdal,IN,16.5,75.05,82.04,54,0,12.12,clear sky,2022-04-30 19:38:51
360,Boueni,YT,-12.9025,45.0761,80.58,78,11,9.75,few clouds,2022-04-30 19:39:51
361,Mecca,SA,21.4267,39.8261,87.94,48,0,2.82,clear sky,2022-04-30 19:39:52
362,Buluang,PH,13.3068,123.3425,75.4,93,58,2.91,broken clouds,2022-04-30 19:39:52
363,Marsh Harbour,BS,26.5412,-77.0636,72.19,83,100,19.93,overcast clouds,2022-04-30 19:39:53
364,Kuyanovo,RU,55.8014,54.5372,40.35,54,70,4.32,broken clouds,2022-04-30 19:39:53
365,Marsa Matruh,EG,31.3525,27.2453,66.4,72,0,6.91,clear sky,2022-04-30 19:35:45
366,Opuwo,NA,-18.0607,13.84,73.26,38,49,5.68,scattered clouds,2022-04-30 19:39:54
367,Souillac,MU,-20.5167,57.5167,77.38,83,40,6.91,scattered clouds,2022-04-30 19:39:54
368,Sulangan,PH,11.1373,123.7228,81.57,78,100,11.97,overcast clouds,2022-04-30 19:39:55
369,Jilib,SO,0.4883,42.7854,77.23,92,39,7.0,light rain,2022-04-30 19:39:56
370,Faya,SA,18.3851,42.4509,66.31,36,17,11.9,few clouds,2022-04-30 19:39:56
371,Aizawl,IN,23.7333,92.7167,62.73,95,100,2.8,overcast clouds,2022-04-30 19:39:57
372,Aksay,RU,47.26,39.87,55.26,60,100,14.0,overcast clouds,2022-04-30 19:39:57
373,Sam Chuk,TH,14.7576,100.0899,83.39,65,100,4.65,light rain,2022-04-30 19:39:58
374,Rivadavia,AR,-33.1905,-68.4608,68.09,26,0,7.87,clear sky,2022-04-30 19:39:58
375,Kargasok,RU,59.0556,80.8572,30.52,76,99,7.67,overcast clouds,2022-04-30 19:39:59
376,Boralday,KZ,43.3578,76.8594,58.86,67,75,4.47,broken clouds,2022-04-30 19:39:59
377,Burjuc,RO,45.9522,22.4867,49.98,78,22,1.97,few clouds,2022-04-30 19:40:00
378,Gat,IL,31.61,34.7642,67.41,100,0,9.51,clear sky,2022-04-30 19:37:24
379,La Ronge,CA,55.1001,-105.2842,39.45,75,100,8.05,overcast clouds,2022-04-30 19:40:01
380,Fantino,DO,19.1215,-70.2997,87.31,65,74,8.7,broken clouds,2022-04-30 19:40:01
381,Mondeville,FR,49.175,-0.3224,53.38,81,0,5.75,clear sky,2022-04-30 19:40:02
382,Pouembout,NC,-21.1333,164.9,71.15,85,0,3.78,clear sky,2022-04-30 19:40:03
383,Sibolga,ID,1.7427,98.7792,77.34,89,98,3.06,overcast clouds,2022-04-30 19:38:05
384,Lakatoro,VU,-16.0999,167.4164,76.3,88,100,4.25,overcast clouds,2022-04-30 19:40:03
385,Chokwe,MZ,-24.5333,32.9833,69.1,81,4,11.74,clear sky,2022-04-30 19:40:05
386,Sao Joao Da Barra,BR,-21.6403,-41.0511,77.09,79,12,11.07,few clouds,2022-04-30 19:40:07
387,Porto Santo,PT,33.072,-16.3415,64.78,77,20,16.11,few clouds,2022-04-30 19:40:08
388,Turukhansk,RU,65.8167,87.9833,7.41,97,91,5.35,overcast clouds,2022-04-30 19:40:09
389,Preobrazheniye,RU,42.9019,133.9064,39.33,95,100,2.71,overcast clouds,2022-04-30 19:40:10
390,Qaqortoq,GL,60.7167,-46.0333,41.13,74,40,2.37,scattered clouds,2022-04-30 19:40:11
391,Hobyo,SO,5.3505,48.5268,85.01,72,57,11.56,broken clouds,2022-04-30 19:36:47
392,Broome,US,42.2506,-75.833,62.19,27,0,14.97,clear sky,2022-04-30 19:40:12
393,Sola,VU,-13.8833,167.55,81.52,71,99,4.65,light rain,2022-04-30 19:36:26
394,Vigrestad,NO,58.5667,5.7,48.58,78,100,15.73,overcast clouds,2022-04-30 19:40:13
395,Jining,CN,35.405,116.5814,46.02,36,66,6.98,broken clouds,2022-04-30 19:40:13
396,Clarence Town,AU,-32.5833,151.7833,58.86,95,8,2.93,clear sky,2022-04-30 19:40:14
397,Huarmey,PE,-10.0681,-78.1522,72.37,74,68,11.63,broken clouds,2022-04-30 19:40:14
398,Madera,US,37.1666,-119.8343,80.53,24,0,7.56,clear sky,2022-04-30 19:39:25
399,Srednekolymsk,RU,67.45,153.6833,15.71,88,83,2.1,broken clouds,2022-04-30 19:40:15
400,Taoudenni,ML,22.6783,-3.9836,85.42,14,0,11.32,clear sky,2022-04-30 19:40:16
401,Aklavik,CA,68.2191,-135.0107,44.6,53,75,8.05,broken clouds,2022-04-30 19:40:16
402,Alofi,NU,-19.0595,-169.9187,75.09,94,94,5.75,overcast clouds,2022-04-30 19:40:17
403,Noumea,NC,-22.2763,166.4572,75.99,99,74,10.69,broken clouds,2022-04-30 19:39:30
404,Maldonado,UY,-34.6667,-54.9167,60.19,65,84,3.96,broken clouds,2022-04-30 19:39:26
405,Northam,GB,51.0333,-4.2167,50.61,73,100,2.95,overcast clouds,2022-04-30 19:38:09
406,Cayenne,GF,4.9333,-52.3333,86.04,31,40,11.5,scattered clouds,2022-04-30 19:41:18
407,Magan,ES,39.9683,-3.931,70.32,56,89,5.03,overcast clouds,2022-04-30 19:41:19
408,Dubbo,AU,-32.25,148.6167,42.93,93,6,9.22,clear sky,2022-04-30 19:39:50
409,Zaraza,VE,9.3503,-65.3245,92.98,37,100,6.76,overcast clouds,2022-04-30 19:41:19
410,Tommot,RU,58.9564,126.2925,20.95,93,26,3.15,scattered clouds,2022-04-30 19:41:20
411,Bergen,NO,60.392,5.328,46.81,76,40,9.22,scattered clouds,2022-04-30 19:41:21
412,Huambo,AO,-12.7761,15.7392,59.76,64,79,3.74,broken clouds,2022-04-30 19:41:21
413,Laguna,US,38.421,-121.4238,81.14,37,0,5.75,clear sky,2022-04-30 19:41:22
414,Bernay,FR,49.1667,0.6667,51.69,77,100,3.0,overcast clouds,2022-04-30 19:41:23
415,Katima Mulilo,NA,-17.5,24.2667,64.6,47,6,2.75,clear sky,2022-04-30 19:41:23
416,Tessalit,ML,20.1986,1.0114,86.34,8,0,8.88,clear sky,2022-04-30 19:41:24
417,Westport,US,41.1415,-73.3579,66.27,28,0,14.97,clear sky,2022-04-30 19:41:24
418,Havelock,US,34.8791,-76.9013,75.18,65,75,5.75,broken clouds,2022-04-30 19:41:26
419,Kazanskoye,RU,55.6448,69.235,41.29,47,100,10.98,overcast clouds,2022-04-30 19:41:27
420,Tezu,IN,27.9167,96.1667,71.85,69,100,2.35,overcast clouds,2022-04-30 19:41:27
421,Abonnema,NG,4.7084,6.7931,82.69,82,100,4.74,overcast clouds,2022-04-30 19:41:28
422,Rosa Zarate,EC,0.3333,-79.4667,82.33,78,80,6.49,moderate rain,2022-04-30 19:41:28
423,Phonhong,LA,18.5007,102.4166,74.71,88,98,2.62,overcast clouds,2022-04-30 19:41:29
424,Baiquan,CN,47.5833,126.0833,37.89,91,100,10.42,overcast clouds,2022-04-30 19:41:30
425,Paamiut,GL,61.994,-49.6678,33.01,93,77,14.52,broken clouds,2022-04-30 19:39:23
426,Half Moon Bay,US,37.4636,-122.4286,75.54,71,100,19.57,overcast clouds,2022-04-30 19:41:30
427,Porto Nacional,BR,-10.7081,-48.4172,89.6,65,100,2.59,overcast clouds,2022-04-30 19:41:31
428,Robstown,US,27.7903,-97.6689,86.34,71,100,17.27,overcast clouds,2022-04-30 19:41:31
429,Puerto Escondido,MX,15.85,-97.0667,86.83,66,40,3.44,scattered clouds,2022-04-30 19:41:32
430,Manicore,BR,-5.8092,-61.3003,84.99,69,49,0.85,scattered clouds,2022-04-30 19:41:33
431,Gondanglegi,ID,-7.7479,112.0132,76.19,89,100,1.92,overcast clouds,2022-04-30 19:41:33
432,Fortuna,US,40.5982,-124.1573,55.92,82,100,4.61,overcast clouds,2022-04-30 19:37:01
433,Bauchi,NG,10.5,10.0,84.65,41,100,6.04,light rain,2022-04-30 19:41:34
434,Vila Velha,BR,-20.3297,-40.2925,84.15,79,20,9.22,few clouds,2022-04-30 19:40:05
435,Torit,SS,4.4133,32.5678,71.44,87,72,2.13,broken clouds,2022-04-30 19:41:35
436,Ballina,AU,-28.8667,153.5667,64.36,100,40,12.66,light rain,2022-04-30 19:41:35
437,Nhulunbuy,AU,-12.2333,136.7667,81.21,78,77,11.5,broken clouds,2022-04-30 19:40:30
438,Stara Synyava,UA,49.6032,27.6191,44.67,69,11,3.22,few clouds,2022-04-30 19:41:36
439,Pacific Grove,US,36.6177,-121.9166,73.24,82,40,5.99,scattered clouds,2022-04-30 19:41:04
440,Buta,CD,2.7858,24.73,70.09,99,97,0.38,light rain,2022-04-30 19:41:37
441,Edd,ER,13.9297,41.6925,86.31,65,46,10.6,scattered clouds,2022-04-30 19:41:37
442,Panaba,MX,21.2833,-88.2667,87.12,50,100,7.54,overcast clouds,2022-04-30 19:41:38
443,Kyshtovka,RU,56.555,76.6271,41.54,62,97,14.38,overcast clouds,2022-04-30 19:41:39
444,Bull Savanna,JM,17.8868,-77.5902,81.95,63,25,15.43,scattered clouds,2022-04-30 19:41:39
445,Port-Gentil,GA,-0.7193,8.7815,80.56,83,20,2.3,few clouds,2022-04-30 19:38:57
446,Sabzevar,IR,36.2126,57.6819,65.48,68,75,4.61,light intensity shower rain,2022-04-30 19:41:40
447,Berlevag,NO,70.8578,29.0864,28.4,74,94,14.56,light snow,2022-04-30 19:41:40
448,Sinjai,ID,-5.1241,120.253,76.17,91,56,2.59,broken clouds,2022-04-30 19:41:41
449,Xichang,CN,27.8964,102.2634,47.35,90,100,7.56,overcast clouds,2022-04-30 19:41:42
450,Xining,CN,36.6167,101.7667,32.34,78,100,2.33,light snow,2022-04-30 19:41:42
451,Qobustan,AZ,40.0824,49.412,62.65,71,100,9.08,overcast clouds,2022-04-30 19:42:43
452,Ndende,GA,-2.4008,11.3581,74.37,93,99,2.71,overcast clouds,2022-04-30 19:42:44
453,Seoul,KR,37.5683,126.9778,49.44,87,0,3.44,mist,2022-04-30 19:39:52
454,Bemidji,US,47.4736,-94.8803,44.89,99,100,11.5,overcast clouds,2022-04-30 19:38:06
455,Rincon,US,32.296,-81.2354,80.56,39,40,10.36,scattered clouds,2022-04-30 19:42:45
456,Olafsvik,IS,64.8945,-23.7142,44.74,86,97,16.26,overcast clouds,2022-04-30 19:42:45
457,Sarmanovo,RU,55.2553,52.5891,43.48,63,77,3.42,broken clouds,2022-04-30 19:42:46
458,Montepuez,MZ,-13.1256,38.9997,68.0,83,74,3.33,broken clouds,2022-04-30 19:42:47
459,Bandarbeyla,SO,9.4942,50.8122,84.09,74,79,5.7,broken clouds,2022-04-30 19:42:49
460,Xacmaz,AZ,41.4635,48.806,54.28,92,32,5.93,scattered clouds,2022-04-30 19:42:50
461,Bilky,UA,48.315,23.1325,49.6,75,43,4.65,scattered clouds,2022-04-30 19:42:51
462,Mazamari,PE,-11.3258,-74.5308,77.04,91,35,2.01,scattered clouds,2022-04-30 19:42:51
463,Lasa,IT,46.6166,10.7002,49.08,96,98,3.36,overcast clouds,2022-04-30 19:42:52
464,Nabire,ID,-3.3667,135.4833,74.77,92,64,4.07,broken clouds,2022-04-30 19:42:53
465,Nemuro,JP,43.3236,145.575,37.42,57,92,4.59,overcast clouds,2022-04-30 19:42:53
466,Clyde River,CA,70.4692,-68.5914,16.03,86,100,6.91,overcast clouds,2022-04-30 19:42:54
467,Abha,SA,18.2164,42.5053,66.02,68,0,6.91,clear sky,2022-04-30 19:42:55
468,Mount Isa,AU,-20.7333,139.5,65.97,82,54,4.61,broken clouds,2022-04-30 19:38:12
469,Batagay-Alyta,RU,67.8006,130.4114,2.28,87,9,4.7,clear sky,2022-04-30 19:42:56
470,Canon City,US,38.441,-105.2424,68.02,17,0,11.99,clear sky,2022-04-30 19:42:57
471,Filingue,NE,14.3521,3.3168,91.92,9,69,3.96,broken clouds,2022-04-30 19:42:58
472,Bendigo,AU,-36.7667,144.2833,48.85,61,35,2.17,scattered clouds,2022-04-30 19:42:58
473,Dalgopol,BG,43.05,27.35,53.11,90,48,1.83,scattered clouds,2022-04-30 19:42:59
474,Lac-Megantic,CA,45.5834,-70.8823,45.55,63,100,7.54,overcast clouds,2022-04-30 19:42:59
475,Ondangwa,NA,-17.9167,15.95,64.4,72,0,0.0,clear sky,2022-04-30 19:43:00
476,Alice Springs,AU,-23.7,133.8833,56.75,72,40,8.05,scattered clouds,2022-04-30 19:43:01
477,Paredon,MX,16.0333,-93.8667,88.11,58,11,11.32,few clouds,2022-04-30 19:43:02
478,Dongtai,CN,32.8523,120.3095,51.39,87,100,3.62,overcast clouds,2022-04-30 19:43:02
479,Jinxiang,CN,27.4327,120.6062,58.6,91,100,10.18,light rain,2022-04-30 19:43:03
480,Zbarazh,UA,49.6636,25.7762,46.29,65,15,4.0,few clouds,2022-04-30 19:43:03
481,Kavaratti,IN,10.5669,72.642,84.94,72,48,10.27,scattered clouds,2022-04-30 19:43:04
482,Mbanza-Ngungu,CD,-5.25,14.8667,69.96,94,100,1.81,light rain,2022-04-30 19:43:05
483,Gazanjyk,TM,39.2446,55.5154,66.63,84,100,4.23,moderate rain,2022-04-30 19:43:05
484,Muros,ES,42.7762,-9.0603,60.84,90,1,2.21,clear sky,2022-04-30 19:43:05
485,Bac Lieu,VN,9.285,105.7244,81.3,80,100,6.96,overcast clouds,2022-04-30 19:43:06
486,Margate,GB,51.3813,1.3862,51.31,74,100,1.01,overcast clouds,2022-04-30 19:43:07
487,Dongsheng,CN,39.8161,109.9776,42.53,21,0,16.53,clear sky,2022-04-30 19:43:07
488,Beyneu,KZ,45.3167,55.2,64.4,74,46,9.75,scattered clouds,2022-04-30 19:43:08
489,Narsaq,GL,60.9167,-46.05,55.62,60,20,2.59,few clouds,2022-04-30 19:43:09
490,Jatai,BR,-17.8814,-51.7144,82.04,45,64,4.27,broken clouds,2022-04-30 19:40:36
491,Namie,JP,37.4833,141.0,49.98,64,100,8.9,overcast clouds,2022-04-30 19:43:09
492,Henties Bay,NA,-22.116,14.2845,59.36,81,0,6.67,clear sky,2022-04-30 19:43:10
493,Korem,ET,12.5058,39.5228,58.28,71,98,4.88,overcast clouds,2022-04-30 19:43:10
494,Parobe,BR,-29.6286,-50.8347,67.57,77,100,1.21,overcast clouds,2022-04-30 19:43:11
495,Belaya Gora,RU,68.5333,146.4167,12.69,97,94,3.18,overcast clouds,2022-04-30 19:43:11
496,Oistins,BB,13.0667,-59.5333,80.51,69,94,14.76,overcast clouds,2022-04-30 19:39:01
497,Puerto Carreno,CO,6.189,-67.4859,75.18,94,40,4.61,scattered clouds,2022-04-30 19:43:12
498,Rogatica,BA,43.8008,19.0025,48.24,93,9,2.06,clear sky,2022-04-30 19:44:13
499,Ampanihy,MG,-24.7,44.75,67.93,83,0,4.92,clear sky,2022-04-30 19:44:13
500,Hofn,IS,64.2539,-15.2082,47.44,83,16,9.48,few clouds,2022-04-30 19:44:14
501,Klyuchi,RU,52.2667,79.1667,61.03,32,72,8.66,broken clouds,2022-04-30 19:44:14
502,Porto Novo,BJ,6.4965,2.6036,82.22,78,85,6.53,overcast clouds,2022-04-30 19:44:15
503,Novoagansk,RU,61.9449,76.6625,21.65,92,6,6.11,clear sky,2022-04-30 19:44:16
504,Ponoka,CA,52.6768,-113.5815,55.83,46,94,10.16,overcast clouds,2022-04-30 19:43:12
505,Egvekinot,RU,66.3167,-179.1667,15.26,80,100,11.01,overcast clouds,2022-04-30 19:44:16
506,Khanpur,PK,28.6453,70.6567,95.02,9,0,7.85,clear sky,2022-04-30 19:44:17
507,Keti Bandar,PK,24.1447,67.4497,83.44,80,1,18.59,clear sky,2022-04-30 19:44:18
508,Pathein,MM,16.7833,94.7333,79.63,83,30,2.75,scattered clouds,2022-04-30 19:44:18
509,Tigil,RU,57.8,158.6667,26.82,96,94,1.79,overcast clouds,2022-04-30 19:44:19
510,Najran,SA,17.4924,44.1277,81.25,34,9,2.64,clear sky,2022-04-30 19:44:20
511,Polunochnoye,RU,60.8697,60.4153,28.29,84,79,5.3,broken clouds,2022-04-30 19:44:20
512,Vuktyl,RU,63.8567,57.3094,25.03,98,99,2.95,overcast clouds,2022-04-30 19:44:21
513,Moose Factory,CA,51.2585,-80.6094,48.2,49,0,12.66,clear sky,2022-04-30 19:44:21
514,Wilmington,US,34.2257,-77.9447,78.71,53,75,11.5,broken clouds,2022-04-30 19:41:38
515,Daru,PG,-9.0763,143.2092,79.86,87,100,17.22,moderate rain,2022-04-30 19:44:22
516,Villa De Reyes,MX,21.8,-100.9333,85.17,10,3,3.85,clear sky,2022-04-30 19:44:23
517,Newcastle,AU,-32.9272,151.7765,58.71,83,100,9.22,light rain,2022-04-30 19:44:23
518,Brae,GB,60.3964,-1.353,45.34,74,91,12.15,overcast clouds,2022-04-30 19:44:24
519,Saint-Augustin,CA,51.226,-58.6502,38.88,88,100,15.93,overcast clouds,2022-04-30 19:44:24
520,Perry,US,37.2506,-83.1999,78.98,45,100,7.38,overcast clouds,2022-04-30 19:44:25
521,Mahon,ES,39.8885,4.2658,59.56,72,0,3.44,clear sky,2022-04-30 19:44:26
522,Dwarka,IN,22.2394,68.9678,83.05,86,0,19.35,clear sky,2022-04-30 19:44:26
523,Seminole,US,28.7086,-81.2081,87.28,61,90,3.0,overcast clouds,2022-04-30 19:44:00
524,Katherine,AU,-14.4667,132.2667,77.32,57,54,4.61,broken clouds,2022-04-30 19:44:27
525,Masaka,UG,-0.3338,31.7341,63.68,90,100,3.44,overcast clouds,2022-04-30 19:44:27
526,Havre-Saint-Pierre,CA,50.2334,-63.5986,37.76,87,100,14.97,overcast clouds,2022-04-30 19:44:28
527,Vaasa,FI,63.096,21.6158,41.02,75,0,2.3,clear sky,2022-04-30 19:44:29
528,Kibara,TZ,-2.15,33.45,71.51,75,100,3.0,light rain,2022-04-30 19:44:29
529,Kiama,AU,-34.6833,150.8667,57.99,77,0,1.99,clear sky,2022-04-30 19:44:30
530,Mpika,ZM,-11.8343,31.4529,58.15,92,44,3.27,scattered clouds,2022-04-30 19:44:31
531,Tevaitoa,PF,-16.7833,-151.5,81.3,72,10,15.23,light rain,2022-04-30 19:44:31
532,Iranshahr,IR,27.2025,60.6848,89.94,27,100,13.8,overcast clouds,2022-04-30 19:44:32
533,Port Blair,IN,11.6667,92.75,82.74,72,61,3.15,broken clouds,2022-04-30 19:44:33
534,Parana,AR,-31.732,-60.5238,62.55,60,75,8.05,broken clouds,2022-04-30 19:44:33
535,Mahajanga,MG,-15.7167,46.3167,78.89,78,0,8.21,light rain,2022-04-30 19:44:34
536,Carnaiba,BR,-8.7,-37.6667,80.33,52,100,14.47,overcast clouds,2022-04-30 19:44:34
537,Touho,NC,-20.7833,165.2333,74.61,80,39,12.73,scattered clouds,2022-04-30 19:44:35
538,Rumonge,BI,-3.9736,29.4386,70.99,86,99,1.9,light rain,2022-04-30 19:44:35
539,Cortland,US,42.6001,-76.083,60.48,31,0,5.75,clear sky,2022-04-30 19:44:36
540,Shingu,JP,33.7333,135.9833,58.95,85,100,7.78,overcast clouds,2022-04-30 19:44:36
541,Galdar,ES,28.147,-15.6502,68.36,78,50,14.25,scattered clouds,2022-04-30 19:44:37
542,Kalamata,GR,37.0389,22.1142,64.11,83,0,0.0,clear sky,2022-04-30 19:44:38
543,San Policarpo,PH,12.1791,125.5072,79.99,79,100,8.99,overcast clouds,2022-04-30 19:45:39
544,Novopokrovka,UA,49.8425,36.5477,47.25,63,50,6.02,scattered clouds,2022-04-30 19:45:39
545,West Bay,KY,19.3667,-81.4167,84.27,72,40,10.36,scattered clouds,2022-04-30 19:45:40
546,Tabou,CI,4.423,-7.3528,81.09,79,100,7.38,overcast clouds,2022-04-30 19:45:40
547,Fayetteville,US,35.0527,-78.8784,81.59,44,75,4.61,broken clouds,2022-04-30 19:43:15
548,Jumla,NP,29.2747,82.1838,50.77,77,70,3.96,broken clouds,2022-04-30 19:45:41
549,Hvide Sande,DK,56.0045,8.1294,45.09,72,99,6.69,overcast clouds,2022-04-30 19:45:42
550,Puerto Colombia,CO,10.9878,-74.9547,89.69,74,100,15.08,overcast clouds,2022-04-30 19:45:42
551,Angoche,MZ,-16.2325,39.9086,72.82,88,11,7.27,few clouds,2022-04-30 19:45:43
552,Celestun,MX,20.8667,-90.4,83.61,69,27,12.03,scattered clouds,2022-04-30 19:45:43
553,Salto,UY,-31.3833,-57.9667,56.79,70,99,7.31,overcast clouds,2022-04-30 19:45:44
554,Roald,NO,62.5833,6.1333,47.75,87,75,4.61,broken clouds,2022-04-30 19:45:45
555,Beloha,MG,-25.1667,45.05,68.31,80,7,6.49,clear sky,2022-04-30 19:45:45
556,Maniitsoq,GL,65.4167,-52.9,26.85,63,1,12.17,clear sky,2022-04-30 19:45:46
557,Arlit,NE,18.7369,7.3853,92.88,7,100,6.44,overcast clouds,2022-04-30 19:45:46
558,Bacolod,PH,10.6667,122.95,78.8,80,82,4.88,broken clouds,2022-04-30 19:45:47
559,Uniao,BR,-4.5858,-42.8642,83.35,74,99,1.5,overcast clouds,2022-04-30 19:45:48
560,Itoman,JP,26.1247,127.6694,71.62,76,100,6.91,overcast clouds,2022-04-30 19:45:48
561,Benguela,AO,-12.5763,13.4055,77.41,87,99,3.85,overcast clouds,2022-04-30 19:45:49
562,Senneterre,CA,48.3835,-77.2328,52.45,40,21,7.83,few clouds,2022-04-30 19:45:49
563,Suslovo,RU,56.2167,88.1167,51.31,94,100,6.04,overcast clouds,2022-04-30 19:45:50
564,Vostok,RU,46.4856,135.8833,34.84,79,100,3.78,overcast clouds,2022-04-30 19:45:50
565,Oktyabrskiy,RU,54.4815,53.471,42.84,61,75,2.73,broken clouds,2022-04-30 19:45:51
566,Nara,JP,34.6851,135.8049,58.5,83,100,1.45,light rain,2022-04-30 19:45:51
567,Lata,PT,40.1629,-8.3327,56.95,76,1,3.24,clear sky,2022-04-30 19:45:52
568,Garowe,SO,8.4054,48.4845,80.51,68,70,14.38,broken clouds,2022-04-30 19:45:53
569,Marshalltown,US,42.0494,-92.908,61.02,67,100,23.02,overcast clouds,2022-04-30 19:45:53
570,Lahaina,US,20.8783,-156.6825,78.8,86,100,10.33,overcast clouds,2022-04-30 19:45:54
571,Yokadouma,CM,3.5167,15.05,74.12,71,42,1.52,scattered clouds,2022-04-30 19:45:54
572,Stabat,ID,3.761,98.4513,79.0,96,96,2.64,overcast clouds,2022-04-30 19:45:55
573,Emerald,AU,-23.5333,148.1667,64.54,88,78,8.05,broken clouds,2022-04-30 19:45:55
574,Matara,LK,5.9485,80.5353,80.98,86,96,10.07,overcast clouds,2022-04-30 19:45:56
575,Marienburg,PL,54.0359,19.0266,54.57,58,100,6.02,overcast clouds,2022-04-30 19:45:56
576,Thayetmyo,MM,19.3167,95.1833,82.89,60,43,8.61,scattered clouds,2022-04-30 19:45:57
577,Price,US,39.5994,-110.8107,59.11,15,0,4.61,clear sky,2022-04-30 19:45:58
578,Cooma,AU,-36.2333,149.1333,33.57,93,0,6.91,clear sky,2022-04-30 19:45:58
579,Muroto,JP,33.2833,134.15,61.29,63,100,3.65,overcast clouds,2022-04-30 19:45:58
580,Sarahan,IN,31.5167,77.8,56.79,51,46,8.57,scattered clouds,2022-04-30 19:45:59
581,Pryozerne,UA,45.2698,36.3303,55.63,78,100,13.4,overcast clouds,2022-04-30 19:46:00
582,Veraval,IN,20.9,70.3667,82.38,84,0,11.27,clear sky,2022-04-30 19:46:00
583,Benghazi,LY,32.1167,20.0667,69.55,51,100,15.55,overcast clouds,2022-04-30 19:46:01
584,Thinadhoo,MV,0.5333,72.9333,85.91,68,73,15.46,broken clouds,2022-04-30 19:46:01
585,San Pedro,PH,14.35,121.0167,81.63,76,20,5.75,few clouds,2022-04-30 19:46:02
586,Troitsko-Pechorsk,RU,62.7084,56.1964,28.65,98,100,2.24,light snow,2022-04-30 19:46:03
587,Willmar,US,45.1219,-95.0433,51.82,87,100,14.97,overcast clouds,2022-04-30 19:42:29
588,Melbu,NO,68.5044,14.8297,33.62,75,100,4.61,overcast clouds,2022-04-30 19:46:03
589,Homer,US,59.6425,-151.5483,40.89,79,100,19.57,light rain,2022-04-30 19:46:04
590,Chuzhou,CN,32.3219,118.2978,54.46,84,100,2.44,overcast clouds,2022-04-30 19:46:05
591,Sulzbach-Rosenberg,DE,49.4983,11.7517,54.0,91,100,5.79,overcast clouds,2022-04-30 19:46:05
592,Emba,KZ,48.8264,58.1442,56.88,66,100,17.11,overcast clouds,2022-04-30 19:47:06
593,Bayan,CN,46.0833,127.4,36.1,98,100,8.25,overcast clouds,2022-04-30 19:47:06
594,Santa Marta De Tormes,ES,40.9506,-5.6272,66.22,56,0,8.05,clear sky,2022-04-30 19:47:07
595,Byron Bay,AU,-28.65,153.6167,64.29,88,100,11.41,light rain,2022-04-30 19:47:08
596,Morehead,US,37.2711,-87.1764,82.78,58,75,14.97,broken clouds,2022-04-30 19:47:08
597,Qena,EG,26.1615,32.7183,85.96,14,59,9.8,broken clouds,2022-04-30 19:47:08
598,Bonga,ET,7.2833,36.2333,59.05,99,76,1.01,light rain,2022-04-30 19:47:09
599,College,US,64.8569,-147.8028,54.09,39,75,6.91,broken clouds,2022-04-30 19:47:10
600,Myitkyina,MM,25.3833,97.4,67.15,83,79,2.89,broken clouds,2022-04-30 19:47:10
601,Eureka,US,40.8021,-124.1637,56.57,76,98,3.0,overcast clouds,2022-04-30 19:47:10
602,Mikkeli,FI,61.6886,27.2723,39.31,75,0,3.44,clear sky,2022-04-30 19:47:11
603,Madison,US,34.7334,-86.5667,80.67,61,100,14.97,overcast clouds,2022-04-30 19:47:11
604,Grass Valley,US,39.2191,-121.0611,71.83,41,0,8.01,clear sky,2022-04-30 19:47:12
605,Yarmouth,US,41.7057,-70.2286,57.15,53,0,11.5,clear sky,2022-04-30 19:47:12
606,Acari,PE,-15.4311,-74.6158,77.0,59,77,8.97,broken clouds,2022-04-30 19:47:13
607,High River,CA,50.5834,-113.8687,58.78,38,81,11.59,broken clouds,2022-04-30 19:47:14
608,Hambantota,LK,6.1241,81.1185,81.25,85,100,14.29,overcast clouds,2022-04-30 19:47:14
609,Dhidhdhoo,MV,6.8833,73.1,85.19,74,100,9.89,overcast clouds,2022-04-30 19:47:15
610,Ishigaki,JP,24.3448,124.1572,73.53,100,75,8.05,broken clouds,2022-04-30 19:47:15
611,Lompoc,US,34.6391,-120.4579,82.78,62,0,21.99,clear sky,2022-04-30 19:47:16
612,Salalah,OM,17.0151,54.0924,86.09,79,75,4.61,broken clouds,2022-04-30 19:47:16
613,Strathmore,CA,51.0501,-113.3852,58.35,30,84,16.11,broken clouds,2022-04-30 19:47:17
614,Talara,PE,-4.5772,-81.2719,79.56,57,0,17.27,clear sky,2022-04-30 19:47:18
615,Yen Bai,VN,21.7,104.8667,72.68,92,100,4.21,moderate rain,2022-04-30 19:47:18
616,Sinegorye,RU,62.0788,150.477,19.8,91,33,3.56,scattered clouds,2022-04-30 19:47:19
617,Rio Cuarto,AR,-33.1307,-64.3499,68.47,30,0,11.5,clear sky,2022-04-30 19:47:19
618,Storforshei,NO,66.4043,14.5233,35.38,64,100,0.0,overcast clouds,2022-04-30 19:47:20
619,Killybegs,IE,54.6333,-8.45,51.51,91,100,22.93,light rain,2022-04-30 19:47:20
620,Kaspiysk,RU,42.8816,47.6392,55.58,93,13,0.0,few clouds,2022-04-30 19:47:21
621,Arkhangelsk,RU,64.5401,40.5433,28.51,100,40,6.71,light snow,2022-04-30 19:47:21
622,Isiro,CD,2.7739,27.616,65.79,99,100,0.16,overcast clouds,2022-04-30 19:47:22
623,Mudkhed,IN,19.1667,77.5167,93.16,16,28,9.08,scattered clouds,2022-04-30 19:47:23
624,Trincomalee,LK,8.5711,81.2335,82.47,81,15,14.03,few clouds,2022-04-30 19:47:23
625,Coihaique,CL,-45.5752,-72.0662,52.41,71,75,8.05,broken clouds,2022-04-30 19:43:37
626,Garissa,KE,-0.4536,39.6401,80.26,73,90,18.45,overcast clouds,2022-04-30 19:47:24
627,Bodden Town,KY,19.2833,-81.25,84.2,72,40,10.36,scattered clouds,2022-04-30 19:47:24
628,La Sarre,CA,48.8002,-79.1996,53.33,46,50,5.99,scattered clouds,2022-04-30 19:47:25
629,Kazanka,UA,47.8462,32.8218,48.56,63,11,6.06,few clouds,2022-04-30 19:47:26
630,Wichian Buri,TH,15.6578,101.106,84.51,59,100,1.79,light rain,2022-04-30 19:47:26
631,Lazaro Cardenas,MX,17.9583,-102.2,83.8,52,38,10.25,scattered clouds,2022-04-30 19:47:27
632,Ponta Delgada,PT,37.7333,-25.6667,63.32,88,20,9.22,few clouds,2022-04-30 19:47:28
633,Codrington,AU,-38.2667,141.9667,57.61,83,100,13.51,overcast clouds,2022-04-30 19:47:28
634,Navadwip,IN,23.4167,88.3667,81.03,78,3,8.59,clear sky,2022-04-30 19:47:29
635,Paulo Afonso,BR,-9.4061,-38.2147,79.63,59,100,8.05,overcast clouds,2022-04-30 19:44:21
636,Baker City,US,44.7749,-117.8344,48.65,81,100,20.71,overcast clouds,2022-04-30 19:43:41
637,Churapcha,RU,62.0025,132.4325,22.46,92,18,4.12,few clouds,2022-04-30 19:48:29
638,Beya,RU,53.0533,90.9139,54.19,52,29,6.24,scattered clouds,2022-04-30 19:48:30
639,Aguimes,ES,27.9054,-15.4461,66.67,64,20,25.32,few clouds,2022-04-30 19:48:30
640,Stepantsevo,RU,56.1314,41.7032,30.31,69,8,4.7,clear sky,2022-04-30 19:48:31
641,Puyang,CN,29.4603,119.8861,54.81,95,100,2.13,overcast clouds,2022-04-30 19:48:32
642,Qorveh,IR,35.1664,47.8045,50.72,64,0,3.15,clear sky,2022-04-30 19:48:32
643,Tilichiki,RU,60.4667,166.1,26.91,89,45,7.23,scattered clouds,2022-04-30 19:48:33
644,Grand Bank,CA,47.0999,-55.765,46.4,80,100,7.05,overcast clouds,2022-04-30 19:48:33
645,Keetmanshoop,NA,-26.5833,18.1333,63.14,21,0,10.67,clear sky,2022-04-30 19:48:34
646,Ambilobe,MG,-13.2,49.05,73.27,95,17,2.95,few clouds,2022-04-30 19:48:34
647,Rosario,AR,-32.9468,-60.6393,61.07,59,0,4.61,clear sky,2022-04-30 19:43:45
648,Bathsheba,BB,13.2167,-59.5167,81.34,67,95,14.45,overcast clouds,2022-04-30 19:48:35
649,Mizoch,UA,50.4,26.15,47.28,61,83,3.8,broken clouds,2022-04-30 19:48:35
650,Angoram,PG,-4.0625,144.0661,72.63,99,97,1.99,overcast clouds,2022-04-30 19:48:36
651,Montevideo,UY,-34.8335,-56.1674,58.82,65,0,6.91,light rain,2022-04-30 19:48:37
652,Fengrun,CN,39.8333,118.1167,47.43,26,0,4.94,clear sky,2022-04-30 19:48:37
653,Sisimiut,GL,66.9395,-53.6735,26.51,54,2,3.8,clear sky,2022-04-30 19:48:38
654,Arawa,PG,-6.2132,155.5367,76.26,89,100,3.15,overcast clouds,2022-04-30 19:48:38
655,Tsumeb,NA,-19.2333,17.7167,69.01,38,22,5.26,few clouds,2022-04-30 19:48:39
656,San Quintin,MX,30.4833,-115.95,67.35,62,62,13.87,broken clouds,2022-04-30 19:48:40
657,Safaga,EG,26.7292,33.9365,81.72,37,0,8.97,clear sky,2022-04-30 19:48:40
658,Snezhnogorsk,RU,69.1933,33.2531,26.38,75,100,11.86,overcast clouds,2022-04-30 19:48:41
659,Lubsko,PL,51.7847,14.972,54.91,54,100,6.58,overcast clouds,2022-04-30 19:48:42
660,Paso De Patria,AR,-27.2454,-58.5454,59.05,70,100,6.46,overcast clouds,2022-04-30 19:48:42
661,Mudgee,AU,-32.5943,149.5871,38.79,100,40,1.14,scattered clouds,2022-04-30 19:48:43
662,Pyshchug,RU,58.8873,45.7134,25.07,92,14,4.79,few clouds,2022-04-30 19:48:43
663,Necochea,AR,-38.5473,-58.7368,57.31,43,8,7.74,clear sky,2022-04-30 19:48:44
664,Santa Helena De Goias,BR,-17.8136,-50.5969,83.61,44,18,6.98,few clouds,2022-04-30 19:47:07
665,Filadelfia,US,39.9523,-75.1638,69.93,18,40,13.8,scattered clouds,2022-04-30 19:45:54
666,Sioux Lookout,CA,50.1001,-91.917,55.47,26,75,10.36,broken clouds,2022-04-30 19:48:45
667,Warmbad,NA,-28.45,18.7333,60.6,24,0,4.68,clear sky,2022-04-30 19:48:45
668,Gazli,UZ,40.1333,63.45,81.05,18,100,13.71,overcast clouds,2022-04-30 19:48:46
669,Isangel,VU,-19.55,169.2667,78.58,90,100,9.82,overcast clouds,2022-04-30 19:48:46
670,Goya,AR,-29.14,-59.2626,58.5,67,100,5.95,overcast clouds,2022-04-30 19:48:47
671,Rexburg,US,43.826,-111.7897,57.42,28,0,12.66,clear sky,2022-04-30 19:48:32
672,Tanggu,CN,39.0211,117.6469,55.36,24,0,10.71,clear sky,2022-04-30 19:48:48
673,Guozhen,CN,34.3659,107.359,51.37,29,100,3.85,overcast clouds,2022-04-30 19:48:48
674,Necocli,CO,8.4234,-76.786,83.55,74,100,3.6,overcast clouds,2022-04-30 19:48:49
675,Podgornoye,RU,51.735,39.1496,46.62,46,0,6.71,clear sky,2022-04-30 19:48:49
676,Shaunavon,CA,49.6501,-108.4181,53.38,33,100,9.6,overcast clouds,2022-04-30 19:48:50
677,Araguaina,BR,-7.1911,-48.2072,83.23,65,100,0.34,overcast clouds,2022-04-30 19:48:50
678,Buraydah,SA,26.326,43.975,82.85,33,1,11.59,clear sky,2022-04-30 19:48:51
679,Klaksvik,FO,62.2266,-6.589,45.52,88,25,8.43,scattered clouds,2022-04-30 19:48:52
680,Morro Bay,US,35.3658,-120.8499,85.24,41,4,15.05,clear sky,2022-04-30 19:47:28
681,Port Lincoln,AU,-34.7333,135.8667,58.5,84,22,8.32,few clouds,2022-04-30 19:45:30
682,Riverton,US,40.5219,-111.9391,66.43,24,0,11.01,clear sky,2022-04-30 19:48:20
683,Sao Filipe,CV,14.8961,-24.4956,72.34,75,83,8.41,broken clouds,2022-04-30 19:49:53
684,Betanzos,ES,43.2804,-8.2147,68.65,81,0,3.44,clear sky,2022-04-30 19:49:53
685,Murwillumbah,AU,-28.3167,153.4,68.13,88,75,9.22,light rain,2022-04-30 19:49:54
686,Dolores,AR,-36.3132,-57.6792,55.29,54,89,5.88,overcast clouds,2022-04-30 19:49:54
687,Kadan,CZ,50.3833,13.2667,55.18,74,93,2.55,overcast clouds,2022-04-30 19:49:55
688,Tura,IN,25.5198,90.2201,67.89,92,61,3.36,broken clouds,2022-04-30 19:49:55
689,Lukang,TW,24.0567,120.4352,72.07,82,100,19.89,overcast clouds,2022-04-30 19:49:56
690,Saquena,PE,-4.6667,-73.5167,83.26,78,67,2.3,broken clouds,2022-04-30 19:49:57
